id,name,image_url,description
51,בסיס למרק קובה סלק Gulia (350 גרם),https://opzchmjhwzlpfwjatswb.supabase.co/storage/v1/object/public/fish-images/products/product_01.jpeg,
52,בסיס לשקשוקה Gulia (540 גרם),https://opzchmjhwzlpfwjatswb.supabase.co/storage/v1/object/public/fish-images/products/product_02.jpeg,
17,אבי הכסוף,https://opzchmjhwzlpfwjatswb.supabase.co/storage/v1/object/public/fish-images/products/product_03.jpeg,
7,אורז סושי,https://opzchmjhwzlpfwjatswb.supabase.co/storage/v1/object/public/fish-images/products/product_04.jpeg,
14,ביצים,https://opzchmjhwzlpfwjatswb.supabase.co/storage/v1/object/public/fish-images/products/product_05.jpeg,
12,בצל,https://opzchmjhwzlpfwjatswb.supabase.co/storage/v1/object/public/fish-images/products/product_06.jpeg,
5,ג'ינג'ר כבוש,https://opzchmjhwzlpfwjatswb.supabase.co/storage/v1/object/public/fish-images/products/product_07.jpeg,
3,ווסאבי,https://opzchmjhwzlpfwjatswb.supabase.co/storage/v1/object/public/fish-images/products/product_08.jpeg,
9,לימון,https://opzchmjhwzlpfwjatswb.supabase.co/storage/v1/object/public/fish-images/products/product_09.jpeg,
6,נורי (אצה),https://opzchmjhwzlpfwjatswb.supabase.co/storage/v1/object/public/fish-images/products/product_10.jpeg,
1,סויה,https://opzchmjhwzlpfwjatswb.supabase.co/storage/v1/object/public/fish-images/products/product_11.jpeg,
8,פירורי לחם,https://opzchmjhwzlpfwjatswb.supabase.co/storage/v1/object/public/fish-images/products/product_12.jpeg,
13,פלפל צבעוני,https://opzchmjhwzlpfwjatswb.supabase.co/storage/v1/object/public/fish-images/products/product_13.jpeg,
15,קמח מאצ'ה,https://opzchmjhwzlpfwjatswb.supabase.co/storage/v1/object/public/fish-images/products/product_14.jpeg,
4,רוטב סויה,https://opzchmjhwzlpfwjatswb.supabase.co/storage/v1/object/public/fish-images/products/product_15.jpeg,
11,שמן זית,https://opzchmjhwzlpfwjatswb.supabase.co/storage/v1/object/public/fish-images/products/product_16.jpeg,
16,שמן לטיגון,https://opzchmjhwzlpfwjatswb.supabase.co/storage/v1/object/public/fish-images/products/product_17.jpeg,
10,תבלינים לדגים,https://opzchmjhwzlpfwjatswb.supabase.co/storage/v1/object/public/fish-images/products/product_18.jpeg,
45,בורגול עם עדשים (500 גרם),https://opzchmjhwzlpfwjatswb.supabase.co/storage/v1/object/public/fish-images/products/product_19.jpeg,
44,מג'דרה אורז עם עדשים (500 גרם),https://opzchmjhwzlpfwjatswb.supabase.co/storage/v1/object/public/fish-images/products/product_20.jpeg,
43,קינואה עם ירקות (500 גרם),https://opzchmjhwzlpfwjatswb.supabase.co/storage/v1/object/public/fish-images/products/product_21.jpeg,
46,קינואה עם עדשים (500 גרם),https://opzchmjhwzlpfwjatswb.supabase.co/storage/v1/object/public/fish-images/products/product_22.jpeg,
54,אצבעות בקלה (500 גרם),https://opzchmjhwzlpfwjatswb.supabase.co/storage/v1/object/public/fish-images/products/product_23.jpeg,
53,בקלה ללא גלוטן (500 גרם),https://opzchmjhwzlpfwjatswb.supabase.co/storage/v1/object/public/fish-images/products/product_24.jpeg,
68,דפי אורז,https://opzchmjhwzlpfwjatswb.supabase.co/storage/v1/object/public/fish-images/products/product_25.jpeg,
64,טבעות בצל,https://opzchmjhwzlpfwjatswb.supabase.co/storage/v1/object/public/fish-images/products/product_26.jpeg,
66,טוגני תפוחי אדמה,https://opzchmjhwzlpfwjatswb.supabase.co/storage/v1/object/public/fish-images/products/product_27.jpeg,
65,כדורי פירה,https://opzchmjhwzlpfwjatswb.supabase.co/storage/v1/object/public/fish-images/products/product_28.jpeg,
69,מוצי וניל,https://opzchmjhwzlpfwjatswb.supabase.co/storage/v1/object/public/fish-images/products/product_29.jpeg,
70,מוצי שוקלד,https://opzchmjhwzlpfwjatswb.supabase.co/storage/v1/object/public/fish-images/products/product_30.jpeg,
71,מושט קפוא (לק"ג),https://opzchmjhwzlpfwjatswb.supabase.co/storage/v1/object/public/fish-images/products/product_31.jpeg,
60,מיני נגיסי אמנון בציפוי פירורי לחם (350 גרם),https://opzchmjhwzlpfwjatswb.supabase.co/storage/v1/object/public/fish-images/products/product_32.jpeg,
56,משולשי בקלה (500 גרם),https://opzchmjhwzlpfwjatswb.supabase.co/storage/v1/object/public/fish-images/products/product_33.jpeg,
57,נאגטס אלסקה פולוק (600 גרם),https://opzchmjhwzlpfwjatswb.supabase.co/storage/v1/object/public/fish-images/products/product_34.jpeg,
58,נאגטס דג אמנון בציפוי טמפורה (350 גרם),https://opzchmjhwzlpfwjatswb.supabase.co/storage/v1/object/public/fish-images/products/product_35.jpeg,
59,נאגטס דג אמנון בציפוי פירורי לחם (350 גרם),https://opzchmjhwzlpfwjatswb.supabase.co/storage/v1/object/public/fish-images/products/product_36.jpeg,
55,נתחי בקלה (800 גרם),https://opzchmjhwzlpfwjatswb.supabase.co/storage/v1/object/public/fish-images/products/product_37.jpeg,
63,סטיק ציפס,https://opzchmjhwzlpfwjatswb.supabase.co/storage/v1/object/public/fish-images/products/product_38.jpeg,
61,פוטטו,https://opzchmjhwzlpfwjatswb.supabase.co/storage/v1/object/public/fish-images/products/product_39.jpeg,
67,ציפס טוגן,https://opzchmjhwzlpfwjatswb.supabase.co/storage/v1/object/public/fish-images/products/product_40.jpeg,
62,ציפס קוביות,https://opzchmjhwzlpfwjatswb.supabase.co/storage/v1/object/public/fish-images/products/product_41.jpeg,
40,אורגנו,https://opzchmjhwzlpfwjatswb.supabase.co/storage/v1/object/public/fish-images/products/product_42.jpeg,
23,זעתר בלאדי,https://opzchmjhwzlpfwjatswb.supabase.co/storage/v1/object/public/fish-images/products/product_43.jpeg,
39,טוסקנה,https://opzchmjhwzlpfwjatswb.supabase.co/storage/v1/object/public/fish-images/products/product_44.jpeg,
33,כורכום טחון,https://opzchmjhwzlpfwjatswb.supabase.co/storage/v1/object/public/fish-images/products/product_45.jpeg,
29,כמון טחון,https://opzchmjhwzlpfwjatswb.supabase.co/storage/v1/object/public/fish-images/products/product_46.jpeg,
32,עלי דפנה ופלפל אנגלי,https://opzchmjhwzlpfwjatswb.supabase.co/storage/v1/object/public/fish-images/products/product_47.jpeg,
38,עלי טימין,https://opzchmjhwzlpfwjatswb.supabase.co/storage/v1/object/public/fish-images/products/product_48.jpeg,
34,עלי כוסברה,https://opzchmjhwzlpfwjatswb.supabase.co/storage/v1/object/public/fish-images/products/product_49.jpeg,
31,פטרוזיליה,https://opzchmjhwzlpfwjatswb.supabase.co/storage/v1/object/public/fish-images/products/product_50.jpeg,
30,פילדלפיה,https://opzchmjhwzlpfwjatswb.supabase.co/storage/v1/object/public/fish-images/products/product_51.jpeg,
27,פלפל שחור גרוס,https://opzchmjhwzlpfwjatswb.supabase.co/storage/v1/object/public/fish-images/products/product_52.jpeg,
41,פלפל שחור טחון,https://opzchmjhwzlpfwjatswb.supabase.co/storage/v1/object/public/fish-images/products/product_53.jpeg,
36,פפריקה חריפה,https://opzchmjhwzlpfwjatswb.supabase.co/storage/v1/object/public/fish-images/products/product_54.jpeg,
25,פפריקה מתוקה,https://opzchmjhwzlpfwjatswb.supabase.co/storage/v1/object/public/fish-images/products/product_55.jpeg,
26,פפריקה מתוקה בשמן,https://opzchmjhwzlpfwjatswb.supabase.co/storage/v1/object/public/fish-images/products/product_56.jpeg,
37,צ'ילי מתוק,https://opzchmjhwzlpfwjatswb.supabase.co/storage/v1/object/public/fish-images/products/product_57.jpeg,
20,קארי אדום,https://opzchmjhwzlpfwjatswb.supabase.co/storage/v1/object/public/fish-images/products/product_58.jpeg,
22,קימל טחון (כרוויה),https://opzchmjhwzlpfwjatswb.supabase.co/storage/v1/object/public/fish-images/products/product_59.jpeg,
24,ראס אל חנות,https://opzchmjhwzlpfwjatswb.supabase.co/storage/v1/object/public/fish-images/products/product_60.jpeg,
42,תבלין לדגים,https://opzchmjhwzlpfwjatswb.supabase.co/storage/v1/object/public/fish-images/products/product_61.jpeg,
35,תבלין לעוף בגריל,https://opzchmjhwzlpfwjatswb.supabase.co/storage/v1/object/public/fish-images/products/product_62.jpeg,
21,תבלין על האש,https://opzchmjhwzlpfwjatswb.supabase.co/storage/v1/object/public/fish-images/products/product_63.jpeg,
18,תבלין פוטטו,https://opzchmjhwzlpfwjatswb.supabase.co/storage/v1/object/public/fish-images/products/product_64.jpeg,
28,תבלין שווארמה ופרגית,https://opzchmjhwzlpfwjatswb.supabase.co/storage/v1/object/public/fish-images/products/product_65.jpeg,
19,תיבול על הבייגל,https://opzchmjhwzlpfwjatswb.supabase.co/storage/v1/object/public/fish-images/products/product_66.jpeg,
47,תערובת לציפוי שניצל אמריקאי (400 גרם),https://opzchmjhwzlpfwjatswb.supabase.co/storage/v1/object/public/fish-images/products/product_67.jpeg,
49,תערובת לציפוי שניצל וינאי (400 גרם),https://opzchmjhwzlpfwjatswb.supabase.co/storage/v1/object/public/fish-images/products/product_68.jpeg,
48,תערובת לציפוי שניצל מוזהב (400 גרם),https://opzchmjhwzlpfwjatswb.supabase.co/storage/v1/object/public/fish-images/products/product_69.jpeg,
50,תערובת לציפוי שניצל קלאסי (400 גרם),https://opzchmjhwzlpfwjatswb.supabase.co/storage/v1/object/public/fish-images/products/product_70.jpeg,
,תמונה 71,https://opzchmjhwzlpfwjatswb.supabase.co/storage/v1/object/public/fish-images/products/product_71.jpeg,
,תמונה 72,https://opzchmjhwzlpfwjatswb.supabase.co/storage/v1/object/public/fish-images/products/product_72.jpeg,
,תמונה 73,https://opzchmjhwzlpfwjatswb.supabase.co/storage/v1/object/public/fish-images/products/product_73.jpeg,
,תמונה 74,https://opzchmjhwzlpfwjatswb.supabase.co/storage/v1/object/public/fish-images/products/product_74.jpeg,
,תמונה 75,https://opzchmjhwzlpfwjatswb.supabase.co/storage/v1/object/public/fish-images/products/product_75.jpeg,
,תמונה 76,https://opzchmjhwzlpfwjatswb.supabase.co/storage/v1/object/public/fish-images/products/product_76.jpeg,
,תמונה 77,https://opzchmjhwzlpfwjatswb.supabase.co/storage/v1/object/public/fish-images/products/product_77.jpeg,
,תמונה 78,https://opzchmjhwzlpfwjatswb.supabase.co/storage/v1/object/public/fish-images/products/product_78.jpeg,
,תמונה 79,https://opzchmjhwzlpfwjatswb.supabase.co/storage/v1/object/public/fish-images/products/product_79.jpeg,
,תמונה 80,https://opzchmjhwzlpfwjatswb.supabase.co/storage/v1/object/public/fish-images/products/product_80.jpeg,
,תמונה 81,https://opzchmjhwzlpfwjatswb.supabase.co/storage/v1/object/public/fish-images/products/product_81.jpeg,
,תמונה 82,https://opzchmjhwzlpfwjatswb.supabase.co/storage/v1/object/public/fish-images/products/product_82.jpeg,
,תמונה 83,https://opzchmjhwzlpfwjatswb.supabase.co/storage/v1/object/public/fish-images/products/product_83.jpeg,
,תמונה 84,https://opzchmjhwzlpfwjatswb.supabase.co/storage/v1/object/public/fish-images/products/product_84.jpeg,
,תמונה 85,https://opzchmjhwzlpfwjatswb.supabase.co/storage/v1/object/public/fish-images/products/product_85.jpeg,
,תמונה 86,https://opzchmjhwzlpfwjatswb.supabase.co/storage/v1/object/public/fish-images/products/product_86.jpeg,
,תמונה 87,https://opzchmjhwzlpfwjatswb.supabase.co/storage/v1/object/public/fish-images/products/product_87.jpeg,
,תמונה 88,https://opzchmjhwzlpfwjatswb.supabase.co/storage/v1/object/public/fish-images/products/product_88.jpeg,
,תמונה 89,https://opzchmjhwzlpfwjatswb.supabase.co/storage/v1/object/public/fish-images/products/product_89.jpeg,
,תמונה 90,https://opzchmjhwzlpfwjatswb.supabase.co/storage/v1/object/public/fish-images/products/product_90.jpeg,
